codeName,pageSetUpPr,ref,sheetView,defaultColWidth,defaultRowHeight,dyDescent,col,row,count,mergeCell,fontId,sqref,cfRule,left,right,top,bottom,header,footer,paperSize,scale,orientation,id
Sheet59,,,,,,,,,,,,,,,,,,,,,,,
,,A1:O22,,,,,,,,,,,,,,,,,,,,,
,,,,,,,,,,,,,,,,,,,,,,,
,,,,9.0,13.5,0.15,,,,,,,,,,,,,,,,,
,,,,,,,,,,,,,,,,,,,,,,,
,,,,,,,,,,,,,,,,,,,,,,,
,,,,,,,,,19.0,,,,,,,,,,,,,,
,,,,,,,,,,,2.0,,,,,,,,,,,,
,,,,,,,,,,,,D7:N17,,,,,,,,,,,
,,,,,,,,,,,,,,0.7,0.7,0.75,0.75,0.3,0.3,,,,
,,,,,,,,,,,,,,,,,,,,9.0,63.0,portrait,rId1
