"scrape_datetime","data_url","Address","Level","Space options","Availability","Price from","Outgoings","Floor area","Fitout"
"2024-03-14 01:38:47.873971","https://www.dexus.com/leasing/office/25-martin-place","25 Martin Place (Tower), Sydney","Level 31 Suite 1","Part floor","Available now","$1,450 psm","$0 psm","444 sqm  -  31-50 people",""
"2024-03-14 01:38:47.873971","https://www.dexus.com/leasing/office/25-martin-place","25 Martin Place (Tower), Sydney","Level 31 Suite 2","Part floor","Available now","$1,425 psm","$0 psm","190 sqm  -  11-30 people",""
"2024-03-14 01:38:47.873971","https://www.dexus.com/leasing/office/25-martin-place","25 Martin Place (Tower), Sydney","Level 31","Full floor","Available now","POA","$241 psm","1198 sqm  -  101-250 people",""
"2024-03-14 01:38:47.873971","https://www.dexus.com/leasing/office/60-castlereagh-street","60 Castlereagh Street, Sydney","Level 8","Full floor, available to sub-divide","01 Feb 2025","POA","$0 psm","1273 sqm  -  101-250 people",""
"2024-03-14 01:38:47.873971","https://www.dexus.com/leasing/office/60-castlereagh-street","60 Castlereagh Street, Sydney","Suite 2.01","Part floor","01 Mar 2025","POA","$212 psm","587 sqm  -  31-50 people",""
"2024-03-14 01:38:47.873971","https://www.dexus.com/leasing/office/60-castlereagh-street","60 Castlereagh Street, Sydney","Suite 20.02","Part floor","01 Jun 2024","POA","$212 psm","401 sqm  -  31-50 people",""
"2024-03-14 01:38:47.873971","https://www.dexus.com/leasing/office/5-martin-place","5 Martin Place, Sydney","Level 17","Full floor","Available now","POA","$0 psm","1089 sqm  -  76-100 people",""
"2024-03-14 01:38:47.873971","https://www.dexus.com/leasing/office/5-martin-place","5 Martin Place, Sydney","Level 18","Full floor","Available now","POA","$0 psm","1089 sqm  -  76-100 people",""
"2024-03-14 01:38:47.873971","https://www.dexus.com/leasing/office/175-pitt-street","175 Pitt Street, Sydney","Suite 13.01","Part floor","Available now","$1,180 psm","$215 psm","615 sqm  -  51-75 people",""
"2024-03-14 01:38:47.873971","https://www.dexus.com/leasing/office/175-pitt-street","175 Pitt Street, Sydney","Level 2","Full floor","Available now","$1,055 psm","$215 psm","1036 sqm  -  76-100 people",""
"2024-03-14 01:38:47.873971","https://www.dexus.com/leasing/office/175-pitt-street","175 Pitt Street, Sydney","Level 4","Full floor, available to sub-divide","01 Apr 2024","POA","$196 psm","1037 sqm  -  76-100 people",""
"2024-03-14 01:38:47.873971","https://www.dexus.com/leasing/office/175-pitt-street","175 Pitt Street, Sydney","Level 6, Suite 1","Part floor","01 Oct 2024","POA","$196 psm","485 sqm  -  31-50 people",""
"2024-03-14 01:38:47.873971","https://www.dexus.com/leasing/office/175-pitt-street","175 Pitt Street, Sydney","Level 21","Full floor, available to sub-divide","Available now","$1,175 psm","$200 psm","1045 sqm  -  76-100 people",""
"2024-03-14 01:38:47.873971","https://www.dexus.com/leasing/office/australia-square-plaza-95-pitt-street","95 Pitt Street, Sydney","Level 7, Suite 7.02","Part floor","01 May 2024","$1,150 psm","$0 psm","262 sqm  -  11-30 people",""
"2024-03-14 01:38:47.873971","https://www.dexus.com/leasing/office/1-bligh-street","1 Bligh Street, Sydney","Level 22","Full floor","01 Dec 2024","POA","$269 psm","1637 sqm  -  101-250 people",""
"2024-03-14 01:38:47.873971","https://www.dexus.com/leasing/office/1-bligh-street","1 Bligh Street, Sydney","Level 25, Suite 3","Part floor","Available now","POA","$287 psm","111 sqm  -  1-10 people",""
"2024-03-14 01:38:47.873971","https://www.dexus.com/leasing/office/australia-square-tower-264-278-george-street","264-278 George Street, Sydney","Level 6","Full floor","Available now","$1,150 psm","$244 psm","1032 sqm  -  76-100 people",""
"2024-03-14 01:38:47.873971","https://www.dexus.com/leasing/office/australia-square-tower-264-278-george-street","264-278 George Street, Sydney","Level 7","Full floor, available to sub-divide","Available now","$1,125 psm","$244 psm","1032 sqm  -  76-100 people",""
"2024-03-14 01:38:47.873971","https://www.dexus.com/leasing/office/australia-square-tower-264-278-george-street","264-278 George Street, Sydney","Level 8","Full floor, available to sub-divide","Available now","$1,135 psm","$244 psm","1033 sqm  -  76-100 people",""
"2024-03-14 01:38:47.873971","https://www.dexus.com/leasing/office/australia-square-tower-264-278-george-street","264-278 George Street, Sydney","Level 9","Full floor, available to sub-divide","Available now","$1,145 psm","$244 psm","1034 sqm  -  76-100 people",""
"2024-03-14 01:38:47.873971","https://www.dexus.com/leasing/office/australia-square-tower-264-278-george-street","264-278 George Street, Sydney","Level 22, Suite 22.01","Part floor","01 Apr 2024","$1,375 psm","$244 psm","167 sqm  -  11-30 people",""
"2024-03-14 01:38:47.873971","https://www.dexus.com/leasing/office/australia-square-tower-264-278-george-street","264-278 George Street, Sydney","Level 24, Suite 24.02","Part floor, available to sub-divide","Available now","POA","$244 psm","492 sqm  -  31-50 people",""
"2024-03-14 01:38:47.873971","https://www.dexus.com/leasing/office/australia-square-tower-264-278-george-street","264-278 George Street, Sydney","Level 29","Full floor, available to sub-divide","Available now","$1,350 psm","$244 psm","1063 sqm  -  76-100 people",""
"2024-03-14 01:38:47.873971","https://www.dexus.com/leasing/office/australia-square-tower-264-278-george-street","264-278 George Street, Sydney","Level 30","Full floor, available to sub-divide","Available now","$1,360 psm","$244 psm","1060 sqm  -  76-100 people",""
"2024-03-14 01:38:47.873971","https://www.dexus.com/leasing/office/australia-square-tower-264-278-george-street","264-278 George Street, Sydney","Level 38, Suite 38.01","Part floor","Available now","$1,575 psm","$244 psm","363 sqm  -  31-50 people",""
"2024-03-14 01:38:47.873971","https://www.dexus.com/leasing/office/australia-square-tower-264-278-george-street","264-278 George Street, Sydney","Level 39, Suite 39.01","Part floor","Available now","$1,600 psm","$244 psm","165 sqm  -  11-30 people",""
"2024-03-14 01:38:47.873971","https://www.dexus.com/leasing/office/australia-square-tower-264-278-george-street","264-278 George Street, Sydney","Level 41, Suite 41.04","Part floor","Available now","$1,650 psm","$244 psm","185 sqm  -  11-30 people",""
"2024-03-14 01:38:47.873971","https://www.dexus.com/leasing/office/australia-square-tower-264-278-george-street","264-278 George Street, Sydney","Level 48, Suite 48.01","Part floor, available to sub-divide","Available now","$1,700 psm","$244 psm","500 sqm  -  31-50 people",""
"2024-03-14 01:38:47.873971","https://www.dexus.com/leasing/office/australia-square-tower-264-278-george-street","264-278 George Street, Sydney","Level 34, Suite 34.01","Part floor","Available now","$1,550 psm","$244 psm","377 sqm  -  31-50 people",""
"2024-03-14 01:38:47.873971","https://www.dexus.com/leasing/office/australia-square-tower-264-278-george-street","264-278 George Street, Sydney","Level 34, Suite 34.03","Part floor","Available now","$1,600 psm","$244 psm","347 sqm  -  11-30 people",""
"2024-03-14 01:38:47.873971","https://www.dexus.com/leasing/office/309-kent-street","309 Kent Street, Sydney","Suite 803","Part floor","Available now","$975 psm","$187 psm","0 sqm",""
"2024-03-14 01:38:47.873971","https://www.dexus.com/leasing/office/309-kent-street","309 Kent Street, Sydney","Suite 501","Part floor","Available now","$930 psm","$187 psm","497 sqm  -  31-50 people",""
"2024-03-14 01:38:47.873971","https://www.dexus.com/leasing/office/309-kent-street","309 Kent Street, Sydney","Suite 1501","Part floor","Available now","$1,065 psm","$187 psm","499 sqm  -  31-50 people",""
"2024-03-14 01:38:47.873971","https://www.dexus.com/leasing/office/321-kent-street","321 Kent Street, Sydney","Suite 602","Part floor","Available now","$1,080 psm","$181 psm","611 sqm  -  51-75 people",""
"2024-03-14 01:38:47.873971","https://www.dexus.com/leasing/office/321-kent-street","321 Kent Street, Sydney","Level 08","Full floor","Available now","POA","$181 psm","1586 sqm  -  101-250 people",""
"2024-03-14 01:38:47.873971","https://www.dexus.com/leasing/office/321-kent-street","321 Kent Street, Sydney","Level 12","Full floor","Available now","POA","$181 psm","1513 sqm  -  101-250 people",""
"2024-03-14 01:38:47.873971","https://www.dexus.com/leasing/office/321-kent-street","321 Kent Street, Sydney","Suite 2002","Part floor","01 Apr 2024","$1,200 psm","$181 psm","436 sqm  -  31-50 people",""
"2024-03-14 01:38:47.873971","https://www.dexus.com/leasing/office/the-royal-exchange-56-pitt-street","56 Pitt Street, Sydney","Suite 103","Part floor","Available now","$850 psm","Included in rent","116 sqm  -  1-10 people",""
"2024-03-14 01:38:47.873971","https://www.dexus.com/leasing/office/the-royal-exchange-56-pitt-street","56 Pitt Street, Sydney","Level 4","Full floor","Available now","$860 psm","Included in rent","778 sqm  -  51-75 people",""
"2024-03-14 01:38:47.873971","https://www.dexus.com/leasing/office/the-royal-exchange-56-pitt-street","56 Pitt Street, Sydney","Suite 803","Part floor, available to sub-divide","01 Jul 2024","POA","Included in rent","81 sqm  -  1-10 people",""
"2024-03-14 01:38:47.873971","https://www.dexus.com/leasing/office/the-royal-exchange-56-pitt-street","56 Pitt Street, Sydney","Suite 1103","Part floor","01 Jul 2024","$900 psm","Included in rent","126 sqm  -  11-30 people",""
"2024-03-14 01:38:47.873971","https://www.dexus.com/leasing/office/the-royal-exchange-56-pitt-street","56 Pitt Street, Sydney","Suite 16.01A, Level 16","Part floor","Available now","POA","Included in rent","350 sqm  -  11-30 people",""
"2024-03-14 01:38:47.873971","https://www.dexus.com/leasing/office/the-royal-exchange-56-pitt-street","56 Pitt Street, Sydney","Suite 1801","Part floor","Available now","$960 psm","Included in rent","397 sqm  -  31-50 people",""
"2024-03-14 01:38:47.873971","https://www.dexus.com/leasing/office/the-royal-exchange-56-pitt-street","56 Pitt Street, Sydney","Suite 2101","Part floor","Available now","$990 psm","Included in rent","560 sqm  -  31-50 people",""
"2024-03-14 01:38:47.873971","https://www.dexus.com/leasing/office/the-royal-exchange-56-pitt-street","56 Pitt Street, Sydney","Suite 2205","Part floor","Available now","$975 psm","Included in rent","196 sqm  -  11-30 people",""
"2024-03-14 01:38:47.873971","https://www.dexus.com/leasing/office/the-royal-exchange-56-pitt-street","56 Pitt Street, Sydney","Suite 2603","Part floor","01 Jul 2024","$1,050 psm","Included in rent","187 sqm  -  11-30 people",""
"2024-03-14 01:38:47.873971","https://www.dexus.com/leasing/office/the-royal-exchange-56-pitt-street","56 Pitt Street, Sydney","Suite 903","Part floor","01 May 2024","$750 psm","Included in rent","146 sqm  -  11-30 people",""
"2024-03-14 01:38:47.873971","https://www.dexus.com/leasing/office/1-farrer-place","1 Farrer Place, Sydney","Suite 42.05","Part floor","Available now","$1,850 psm","$267 psm","157 sqm  -  11-30 people",""
"2024-03-14 01:38:47.873971","https://www.dexus.com/leasing/office/1-farrer-place","1 Farrer Place, Sydney","Suite 21.03","Part floor","Available now","POA","$277 psm","258 sqm  -  11-30 people",""
"2024-03-14 01:38:47.873971","https://www.dexus.com/leasing/office/1-farrer-place","1 Farrer Place, Sydney","Suite 21.02","Part floor","Available now","POA","$277 psm","292 sqm  -  11-30 people",""
"2024-03-14 01:38:47.873971","https://www.dexus.com/leasing/office/1-farrer-place","1 Farrer Place, Sydney","Suite 32.02","Part floor","01 Apr 2024","POA","$267 psm","303 sqm  -  11-30 people",""
"2024-03-14 01:38:47.873971","https://www.dexus.com/leasing/office/1-farrer-place","1 Farrer Place, Sydney","Suite 19.02","Part floor","Available now","POA","$268 psm","582 sqm  -  31-50 people",""
"2024-03-14 01:38:47.873971","https://www.dexus.com/leasing/office/1-farrer-place","1 Farrer Place, Sydney","Suite 42.04","Part floor","Available now","$1,850 psm","$267 psm","166 sqm  -  11-30 people",""
"2024-03-14 01:38:47.873971","https://www.dexus.com/leasing/office/gateway-tower-1-macquarie-place","1 Macquarie Place, Sydney","Level 8","Full floor","01 Jun 2024","$1,375 psm","$0 psm","1161 sqm",""
"2024-03-14 01:38:47.873971","https://www.dexus.com/leasing/office/gateway-tower-1-macquarie-place","1 Macquarie Place, Sydney","Level 9","Full floor","Available now","POA","$0 psm","1150 sqm  -  76-100 people",""
"2024-03-14 01:38:47.873971","https://www.dexus.com/leasing/office/gateway-tower-1-macquarie-place","1 Macquarie Place, Sydney","Level 10","Full floor","Available now","POA","$0 psm","1150 sqm  -  76-100 people",""
"2024-03-14 01:38:47.873971","https://www.dexus.com/leasing/office/gateway-tower-1-macquarie-place","1 Macquarie Place, Sydney","Level 28","Full floor","01 Aug 2024","POA","$0 psm","1205 sqm  -  101-250 people",""
"2024-03-14 01:38:47.873971","https://www.dexus.com/leasing/office/gateway-tower-1-macquarie-place","1 Macquarie Place, Sydney","Level 37, Suite 3","Part floor","Available now","POA","$0 psm","462 sqm  -  31-50 people",""
"2024-03-14 01:38:47.873971","https://www.dexus.com/leasing/office/gateway-tower-1-macquarie-place","1 Macquarie Place, Sydney","Level 41, Suite 4","Part floor","Available now","$1,875 psm","$277 psm","170 sqm  -  11-30 people",""
"2024-03-14 01:38:47.873971","https://www.dexus.com/leasing/office/gateway-tower-1-macquarie-place","1 Macquarie Place, Sydney","Level 16, Suite 4","Part floor, available to sub-divide","Available now","$1,210 psm","$277 psm","103 sqm  -  1-10 people",""
"2024-03-14 01:38:47.873971","https://www.dexus.com/leasing/office/36-the-bond-36-hickson-road","36 Hickson Road, Millers Point","Level 01","Full floor","Available now","POA","$276 psm","131 sqm  -  11-30 people",""
"2024-03-14 01:38:47.873971","https://www.dexus.com/leasing/office/36-the-bond-36-hickson-road","36 Hickson Road, Millers Point","Level 02","Full floor","Available now","POA","$276 psm","134 sqm  -  11-30 people",""
"2024-03-14 01:38:47.873971","https://www.dexus.com/leasing/office/30-the-bond-30-34-hickson-road","30-34 Hickson Road, Millers Point","Level 06","Full floor","Available now","$1,250 psm","$155 psm","2195 sqm  -  101-250 people",""
"2024-03-14 01:38:47.873971","https://www.dexus.com/leasing/office/100-130-harris-street","100-130 Harris Street, Pyrmont","Ground Floor: A and B","Part floor","Available now","POA","$129 psm","2282 sqm  -  101-250 people",""
"2024-03-14 01:38:47.873971","https://www.dexus.com/leasing/office/100-130-harris-street","100-130 Harris Street, Pyrmont","Level 4","Full floor, available to sub-divide","Available now","POA","$129 psm","3561 sqm  -  251-1,000 people",""
"2024-03-14 01:38:47.873971","https://www.dexus.com/leasing/office/100-130-harris-street","100-130 Harris Street, Pyrmont","Level 6","Full floor","Available now","POA","$129 psm","989 sqm  -  76-100 people",""
"2024-03-14 01:38:47.873971","https://www.dexus.com/leasing/office/one-eagle-street","1 Eagle Street, Brisbane","Level 4, Suite 3","Part floor","Available now","$870 psm","$181 psm","181 sqm  -  11-30 people",""
"2024-03-14 01:38:47.873971","https://www.dexus.com/leasing/office/one-eagle-street","1 Eagle Street, Brisbane","Level 4, Suite 4","Part floor","Available now","$870 psm","$181 psm","284 sqm  -  11-30 people",""
"2024-03-14 01:38:47.873971","https://www.dexus.com/leasing/office/one-eagle-street","1 Eagle Street, Brisbane","Level 4, Suite 6","Part floor","Available now","$870 psm","$181 psm","180 sqm  -  11-30 people",""
"2024-03-14 01:38:47.873971","https://www.dexus.com/leasing/office/one-eagle-street","1 Eagle Street, Brisbane","Level 12, Suite 2","Part floor","Available now","$870 psm","$181 psm","520 sqm  -  31-50 people",""
"2024-03-14 01:38:47.873971","https://www.dexus.com/leasing/office/one-eagle-street","1 Eagle Street, Brisbane","Level 13, Suite 2","Part floor","Available now","$950 psm","$181 psm","263 sqm  -  11-30 people",""
"2024-03-14 01:38:47.873971","https://www.dexus.com/leasing/office/one-eagle-street","1 Eagle Street, Brisbane","Level 13, Suite 6","Part floor, available to sub-divide","Available now","$870 psm","$181 psm","0 sqm",""
"2024-03-14 01:38:47.873971","https://www.dexus.com/leasing/office/one-eagle-street","1 Eagle Street, Brisbane","Level 13, Suite 7","Part floor","Available now","$870 psm","$181 psm","245 sqm  -  11-30 people",""
"2024-03-14 01:38:47.873971","https://www.dexus.com/leasing/office/one-eagle-street","1 Eagle Street, Brisbane","Level 27, Suite 1","Part floor","Available now","$970 psm","$181 psm","644 sqm  -  51-75 people",""
"2024-03-14 01:38:47.873971","https://www.dexus.com/leasing/office/one-eagle-street","1 Eagle Street, Brisbane","Level 27, Suite 2","Part floor","01 Apr 2024","$870 psm","$181 psm","174 sqm  -  11-30 people",""
"2024-03-14 01:38:47.873971","https://www.dexus.com/leasing/office/one-eagle-street","1 Eagle Street, Brisbane","Level 27, Suite 3","Part floor","Available now","$870 psm","$181 psm","160 sqm  -  11-30 people",""
"2024-03-14 01:38:47.873971","https://www.dexus.com/leasing/office/one-eagle-street","1 Eagle Street, Brisbane","Level 27, Suite 4","Part floor","Available now","$870 psm","$181 psm","188 sqm  -  11-30 people",""
"2024-03-14 01:38:47.873971","https://www.dexus.com/leasing/office/one-eagle-street","1 Eagle Street, Brisbane","Level 30, Suite 2","Part floor","Available now","$870 psm","$181 psm","418 sqm  -  31-50 people",""
"2024-03-14 01:38:47.873971","https://www.dexus.com/leasing/office/one-eagle-street","1 Eagle Street, Brisbane","Level 34","Part floor, available to sub-divide","Available now","$920 psm","$181 psm","932 sqm  -  76-100 people",""
"2024-03-14 01:38:47.873971","https://www.dexus.com/leasing/office/one-eagle-street","1 Eagle Street, Brisbane","Level 35","Full floor","Available now","$920 psm","$181 psm","1866 sqm  -  101-250 people",""
"2024-03-14 01:38:47.873971","https://www.dexus.com/leasing/office/one-eagle-street","1 Eagle Street, Brisbane","Level 26, Suite 5","Part floor","Available now","$1,115 psm","$181 psm","92 sqm  -  1-10 people",""
"2024-03-14 01:38:47.873971","https://www.dexus.com/leasing/office/one-eagle-street","1 Eagle Street, Brisbane","Level 4, Suite 7","Part floor","01 Jun 2024","$870 psm","$181 psm","239 sqm  -  11-30 people",""
"2024-03-14 01:38:47.873971","https://www.dexus.com/leasing/office/one-eagle-street","1 Eagle Street, Brisbane","Level 18, Suite 2","Part floor","01 Oct 2024","$870 psm","$181 psm","624 sqm  -  51-75 people",""
"2024-03-14 01:38:47.873971","https://www.dexus.com/leasing/office/145-ann-street","145 Ann Street, Brisbane","Level 3","Full floor, available to sub-divide","Available now","$795 psm","Included in rent","1114 sqm  -  76-100 people",""
"2024-03-14 01:38:47.873971","https://www.dexus.com/leasing/office/145-ann-street","145 Ann Street, Brisbane","Level 12","Full floor, available to sub-divide","Available now","$850 psm","Included in rent","1106 sqm  -  76-100 people",""
"2024-03-14 01:38:47.873971","https://www.dexus.com/leasing/office/145-ann-street","145 Ann Street, Brisbane","Level 13","Full floor, available to sub-divide","Available now","$850 psm","Included in rent","1105 sqm  -  76-100 people",""
"2024-03-14 01:38:47.873971","https://www.dexus.com/leasing/office/145-ann-street","145 Ann Street, Brisbane","Level 21","Full floor, available to sub-divide","Available now","$850 psm","Included in rent","1145 sqm  -  76-100 people",""
"2024-03-14 01:38:47.873971","https://www.dexus.com/leasing/office/145-ann-street","145 Ann Street, Brisbane","Level 22","Full floor, available to sub-divide","Available now","$850 psm","Included in rent","1148 sqm  -  76-100 people",""
"2024-03-14 01:38:47.873971","https://www.dexus.com/leasing/office/145-ann-street","145 Ann Street, Brisbane","Level 11, Suite 2","Part floor","Available now","$850 psm","Included in rent","372 sqm  -  31-50 people",""
"2024-03-14 01:38:47.873971","https://www.dexus.com/leasing/office/145-ann-street","145 Ann Street, Brisbane","Level 20, Suite 2","Part floor","Available now","$850 psm","Included in rent","435 sqm  -  31-50 people",""
"2024-03-14 01:38:47.873971","https://www.dexus.com/leasing/office/145-ann-street","145 Ann Street, Brisbane","Level 26, Suite 3","Part floor","Available now","$825 psm","Included in rent","183 sqm  -  11-30 people",""
"2024-03-14 01:38:47.873971","https://www.dexus.com/leasing/office/385-bourke-street","385 Bourke Street, Melbourne","Level 10","Full floor","01 Aug 2024","POA","$184 psm","1219 sqm  -  101-250 people",""
"2024-03-14 01:38:47.873971","https://www.dexus.com/leasing/office/385-bourke-street","385 Bourke Street, Melbourne","Level 12, Suite 3","Part floor","Available now","POA","$184 psm","276 sqm  -  11-30 people",""
"2024-03-14 01:38:47.873971","https://www.dexus.com/leasing/office/385-bourke-street","385 Bourke Street, Melbourne","Level 14","Full floor","Available now","POA","$184 psm","1224 sqm  -  101-250 people",""
"2024-03-14 01:38:47.873971","https://www.dexus.com/leasing/office/385-bourke-street","385 Bourke Street, Melbourne","Level 15, Suite 4","Part floor","Available now","POA","$184 psm","143 sqm  -  11-30 people",""
"2024-03-14 01:38:47.873971","https://www.dexus.com/leasing/office/385-bourke-street","385 Bourke Street, Melbourne","Level 31","Full floor","Available now","POA","$184 psm","1351 sqm  -  101-250 people",""
"2024-03-14 01:38:47.873971","https://www.dexus.com/leasing/office/385-bourke-street","385 Bourke Street, Melbourne","385 Bourke Street","Part floor","Available now","POA","$184 psm","562 sqm  -  31-50 people",""
"2024-03-14 01:38:47.873971","https://www.dexus.com/leasing/office/360-collins-street","360 Collins Street, Melbourne","Level 4, Suite 1","Part floor","Available now","POA","$185 psm","872 sqm  -  51-75 people",""
"2024-03-14 01:38:47.873971","https://www.dexus.com/leasing/office/360-collins-street","360 Collins Street, Melbourne","Level 8, Suite 2","Part floor","Available now","POA","$185 psm","251 sqm  -  11-30 people",""
"2024-03-14 01:38:47.873971","https://www.dexus.com/leasing/office/360-collins-street","360 Collins Street, Melbourne","Level 9, Suite 1","Part floor","Available now","POA","$185 psm","620 sqm  -  51-75 people",""
"2024-03-14 01:38:47.873971","https://www.dexus.com/leasing/office/360-collins-street","360 Collins Street, Melbourne","Level 17","Full floor","Available now","POA","$185 psm","1235 sqm  -  101-250 people",""
"2024-03-14 01:38:47.873971","https://www.dexus.com/leasing/office/360-collins-street","360 Collins Street, Melbourne","Level 20","Full floor","Available now","POA","$185 psm","1233 sqm  -  101-250 people",""
"2024-03-14 01:38:47.873971","https://www.dexus.com/leasing/office/360-collins-street","360 Collins Street, Melbourne","Level 24, Suite 1","Part floor","Available now","POA","$185 psm","336 sqm  -  11-30 people",""
"2024-03-14 01:38:47.873971","https://www.dexus.com/leasing/office/360-collins-street","360 Collins Street, Melbourne","Level 24, Suite 2","Part floor","Available now","POA","$185 psm","278 sqm  -  11-30 people",""
"2024-03-14 01:38:47.873971","https://www.dexus.com/leasing/office/360-collins-street","360 Collins Street, Melbourne","Level 33, Suite 3","Part floor","Available now","POA","$185 psm","181 sqm  -  11-30 people",""
"2024-03-14 01:38:47.873971","https://www.dexus.com/leasing/office/360-collins-street","360 Collins Street, Melbourne","Level 28, Suite 1","Part floor","Available now","POA","$185 psm","253 sqm  -  11-30 people",""
"2024-03-14 01:38:47.873971","https://www.dexus.com/leasing/office/qv-office-180-222-lonsdale-street","180 Lonsdale Street, Melbourne","Part Level 17 (East)","Part floor","Available now","POA","$173 psm","748 sqm  -  51-75 people",""
"2024-03-14 01:38:47.873971","https://www.dexus.com/leasing/office/qv-office-180-222-lonsdale-street","180 Lonsdale Street, Melbourne","Part Level 24 (west)","Part floor","Available now","POA","$173 psm","425 sqm  -  31-50 people",""
"2024-03-14 01:38:47.873971","https://www.dexus.com/leasing/office/qv-office-180-222-lonsdale-street","180 Lonsdale Street, Melbourne","Level 23","Full floor","Available now","POA","$173 psm","1810 sqm  -  101-250 people",""
"2024-03-14 01:38:47.873971","https://www.dexus.com/leasing/office/80-collins-street-south-tower","80 Collins Street (South Tower), Melbourne","Part Level 37, South Tower","Part floor","Available now","POA","$189 psm","374 sqm  -  31-50 people",""
"2024-03-14 01:38:47.873971","https://www.dexus.com/leasing/office/80-collins-street","80 Collins Street (North Tower), Melbourne","Level 8","Full floor","Available now","POA","$151 psm","1080 sqm  -  76-100 people",""
"2024-03-14 01:38:47.873971","https://www.dexus.com/leasing/office/80-collins-street","80 Collins Street (North Tower), Melbourne","Level 9","Full floor","Available now","POA","$151 psm","1078 sqm  -  76-100 people",""
"2024-03-14 01:38:47.873971","https://www.dexus.com/leasing/office/80-collins-street","80 Collins Street (North Tower), Melbourne","Level 10","Full floor","Available now","POA","$151 psm","1078 sqm  -  76-100 people",""
"2024-03-14 01:38:47.873971","https://www.dexus.com/leasing/office/80-collins-street","80 Collins Street (North Tower), Melbourne","Suite 11.03","Part floor","Available now","POA","$151 psm","199 sqm  -  11-30 people",""
"2024-03-14 01:38:47.873971","https://www.dexus.com/leasing/office/80-collins-street","80 Collins Street (North Tower), Melbourne","Suite 11.04","Part floor","Available now","POA","$151 psm","209 sqm  -  11-30 people",""
"2024-03-14 01:38:47.873971","https://www.dexus.com/leasing/office/80-collins-street","80 Collins Street (North Tower), Melbourne","Suite 12.01","Part floor","Available now","POA","$151 psm","257 sqm  -  11-30 people",""
"2024-03-14 01:38:47.873971","https://www.dexus.com/leasing/office/80-collins-street","80 Collins Street (North Tower), Melbourne","Suite 12.03","Part floor","Available now","POA","$151 psm","183 sqm  -  11-30 people",""
"2024-03-14 01:38:47.873971","https://www.dexus.com/leasing/office/80-collins-street","80 Collins Street (North Tower), Melbourne","Suite 12.04","Part floor","Available now","POA","$151 psm","225 sqm  -  11-30 people",""
"2024-03-14 01:38:47.873971","https://www.dexus.com/leasing/office/80-collins-street","80 Collins Street (North Tower), Melbourne","Suite 1, Level 13","Part floor","Available now","POA","$151 psm","263 sqm  -  11-30 people",""
"2024-03-14 01:38:47.873971","https://www.dexus.com/leasing/office/80-collins-street","80 Collins Street (North Tower), Melbourne","Suite 2, Level 13","Part floor","Available now","POA","$151 psm","326 sqm  -  11-30 people",""
"2024-03-14 01:38:47.873971","https://www.dexus.com/leasing/office/80-collins-street","80 Collins Street (North Tower), Melbourne","Suite 3, Level 13","Part floor","Available now","POA","$151 psm","201 sqm  -  11-30 people",""
"2024-03-14 01:38:47.873971","https://www.dexus.com/leasing/office/80-collins-street","80 Collins Street (North Tower), Melbourne","Suite 4, Level 13","Part floor","Available now","POA","$151 psm","203 sqm  -  11-30 people",""
"2024-03-14 01:38:47.873971","https://www.dexus.com/leasing/office/80-collins-street","80 Collins Street (North Tower), Melbourne","Suite 15.04","Part floor","Available now","POA","$151 psm","203 sqm  -  11-30 people",""
"2024-03-14 01:38:47.873971","https://www.dexus.com/leasing/office/80-collins-street","80 Collins Street (North Tower), Melbourne","Level 17, Suite 1","Part floor","Available now","POA","$151 psm","375 sqm  -  31-50 people",""
"2024-03-14 01:38:47.873971","https://www.dexus.com/leasing/office/80-collins-street","80 Collins Street (North Tower), Melbourne","Level 17, Suite 3","Part floor","Available now","POA","$151 psm","214 sqm  -  11-30 people",""
"2024-03-14 01:38:47.873971","https://www.dexus.com/leasing/office/rialto","525 Collins Street, Melbourne","Mezzanine 1, Suite 2, South Tower","Part floor","Available now","POA","$204 psm","487 sqm  -  31-50 people",""
"2024-03-14 01:38:47.873971","https://www.dexus.com/leasing/office/rialto","525 Collins Street, Melbourne","Level 1, East & West Podium","Full floor","01 Jul 2024","POA","$204 psm","1226 sqm  -  101-250 people",""
"2024-03-14 01:38:47.873971","https://www.dexus.com/leasing/office/rialto","525 Collins Street, Melbourne","Level 1, Suite 1","Part floor","Available now","POA","$204 psm","547 sqm  -  31-50 people",""
"2024-03-14 01:38:47.873971","https://www.dexus.com/leasing/office/rialto","525 Collins Street, Melbourne","Level 1, Suite 2","Part floor","Available now","POA","$204 psm","503 sqm  -  31-50 people",""
"2024-03-14 01:38:47.873971","https://www.dexus.com/leasing/office/rialto","525 Collins Street, Melbourne","Level 1, Suite 3","Part floor","Available now","POA","$204 psm","342 sqm  -  11-30 people",""
"2024-03-14 01:38:47.873971","https://www.dexus.com/leasing/office/rialto","525 Collins Street, Melbourne","Level 1, Suite 4","Part floor","Available now","POA","$204 psm","540 sqm  -  31-50 people",""
"2024-03-14 01:38:47.873971","https://www.dexus.com/leasing/office/rialto","525 Collins Street, Melbourne","Level 5, Suite 4, South Tower","Part floor","Available now","POA","$204 psm","94 sqm  -  1-10 people",""
"2024-03-14 01:38:47.873971","https://www.dexus.com/leasing/office/rialto","525 Collins Street, Melbourne","Level 17, Suite 2","Part floor","Available now","POA","$204 psm","366 sqm  -  31-50 people",""
"2024-03-14 01:38:47.873971","https://www.dexus.com/leasing/office/rialto","525 Collins Street, Melbourne","Level 17, Suite 3","Part floor","Available now","POA","$204 psm","308 sqm  -  11-30 people",""
"2024-03-14 01:38:47.873971","https://www.dexus.com/leasing/office/rialto","525 Collins Street, Melbourne","Level 17, Suite 4","Part floor","Available now","POA","$204 psm","370 sqm  -  31-50 people",""
"2024-03-14 01:38:47.873971","https://www.dexus.com/leasing/office/rialto","525 Collins Street, Melbourne","Level 18, North & South Tower","Full floor","Available now","POA","$204 psm","1733 sqm  -  101-250 people",""
"2024-03-14 01:38:47.873971","https://www.dexus.com/leasing/office/rialto","525 Collins Street, Melbourne","Level 19, North & South Tower","Full floor","Available now","POA","$204 psm","1733 sqm  -  101-250 people",""
"2024-03-14 01:38:47.873971","https://www.dexus.com/leasing/office/rialto","525 Collins Street, Melbourne","Level 20, North & South Tower","Full floor","Available now","POA","$204 psm","1733 sqm  -  101-250 people",""
"2024-03-14 01:38:47.873971","https://www.dexus.com/leasing/office/rialto","525 Collins Street, Melbourne","Level 21, North & South Tower","Full floor","Available now","POA","$204 psm","869 sqm  -  51-75 people",""
"2024-03-14 01:38:47.873971","https://www.dexus.com/leasing/office/rialto","525 Collins Street, Melbourne","Level 27, South Tower","Full floor","Available now","POA","$204 psm","999 sqm  -  76-100 people",""
"2024-03-14 01:38:47.873971","https://www.dexus.com/leasing/office/rialto","525 Collins Street, Melbourne","Level 30, North & South Tower","Full floor","Available now","POA","$204 psm","428 sqm  -  31-50 people",""
"2024-03-14 01:38:47.873971","https://www.dexus.com/leasing/office/rialto","525 Collins Street, Melbourne","Level 34, Suite 2, North Tower","Part floor, available to sub-divide","Available now","POA","$204 psm","131 sqm  -  11-30 people",""
"2024-03-14 01:38:47.873971","https://www.dexus.com/leasing/office/rialto","525 Collins Street, Melbourne","Level 40, Suite 2, South Tower","Part floor","Available now","POA","$204 psm","472 sqm  -  31-50 people",""
"2024-03-14 01:38:47.873971","https://www.dexus.com/leasing/office/rialto","525 Collins Street, Melbourne","Level 46, Suite 3, South Tower","Part floor","Available now","POA","$204 psm","432 sqm  -  31-50 people",""
"2024-03-14 01:38:47.873971","https://www.dexus.com/leasing/office/rialto","525 Collins Street, Melbourne","Level 4, Suite 2, South Tower","Part floor","Available now","POA","$204 psm","490 sqm  -  31-50 people",""
"2024-03-14 01:38:47.873971","https://www.dexus.com/leasing/office/rialto","525 Collins Street, Melbourne","Level 4, Suite 3, South Tower","Part floor","Available now","POA","$204 psm","264 sqm  -  11-30 people",""
"2024-03-14 01:38:47.873971","https://www.dexus.com/leasing/our-developments/60-collins-street-development","","","","","","","",""
"2024-03-14 01:38:47.873971","https://www.dexus.com/leasing/office/9-brighton-street-richmond","9 Brighton Street, Richmond","Development","","01 Dec 2024","POA","","500 sqm  -  31-50 people",""
"2024-03-14 01:38:47.873971","https://www.dexus.com/leasing/office/kings-square","556 Wellington Street, Perth","Level 9","Full floor","01 May 2025","POA","$186 psm","1828 sqm  -  101-250 people",""
"2024-03-14 01:38:47.873971","https://www.dexus.com/leasing/office/kings-square","556 Wellington Street, Perth","Level 10","Full floor","Available now","POA","$186 psm","1828 sqm  -  101-250 people",""
"2024-03-14 01:38:47.873971","https://www.dexus.com/leasing/office/kings-square","556 Wellington Street, Perth","Level 11","Full floor","01 May 2025","POA","$186 psm","686 sqm  -  51-75 people",""
"2024-03-14 01:38:47.873971","https://www.dexus.com/leasing/office/240-st-georges-terrace","240 St Georges Terrace, Perth","Part level 15","Part floor","01 Feb 2025","POA","$217 psm","773 sqm  -  51-75 people",""
"2024-03-14 01:38:47.873971","https://www.dexus.com/leasing/office/240-st-georges-terrace","240 St Georges Terrace, Perth","Part Level 15","Part floor","01 Jul 2024","POA","$217 psm","795 sqm  -  51-75 people",""
"2024-03-14 01:38:47.873971","https://www.dexus.com/leasing/office/240-st-georges-terrace","240 St Georges Terrace, Perth","Part level 15","Part floor","01 Apr 2024","POA","$217 psm","166 sqm  -  11-30 people",""
"2024-03-14 01:38:47.873971","https://www.dexus.com/leasing/office/240-st-georges-terrace","240 St Georges Terrace, Perth","Level 22, Suite 3","Part floor","01 May 2024","POA","$217 psm","181 sqm  -  11-30 people",""
"2024-03-14 01:38:47.873971","https://www.dexus.com/leasing/office/240-st-georges-terrace","240 St Georges Terrace, Perth","Level 22  Suite 4","Part floor","01 May 2024","POA","$217 psm","109 sqm  -  1-10 people",""
